-- Students
INSERT INTO students VALUES
  ('24050081000054', 'Пламен Тенев',      'PT'),
  ('24050081000057', 'Кирил Димитров',    'KD'),
  ('24050081000058', 'Иван Епитропов',    'IE'),
  ('24050081000059', 'Михаил Богданов',   'MB'),
  ('24050081000061', 'Александър Тсолис', 'AT'),
  ('24050081000062', 'Ваня Михова',       'VM'),
  ('24050081000063', 'Христо Георгиев',   'HG'),
  ('24050081000064', 'Николай Георгиев',  'NG'),
  ('24050081000065', 'Светломир Владов',  'SV'),
  ('24050081000067', 'Костадин Донев',    'KD'),
  ('24050081000074', 'Мирослав Бакалов',  'MB'),
  ('24050081000076', 'Тоньо Димитров',    'TD');

-- Classes
INSERT INTO classes VALUES
  ('pe_lec',   'Програмни среди - Лекции',                          'Стая ?',          '#2563eb', '💻'),
  ('pe_exe',   'Програмни среди - Упражнения',                      'Джон Атанасов 2', '#2563eb', '💻'),
  ('sa_lec',   'Софтуерни архитектури - Лекции',                    'Стая ?',          '#db2777', '⚙️'),
  ('sa_exe',   'Софтуерни архитектури - Упражнения',                'Стая 383',        '#db2777', '⚙️'),
  ('ibt2_lec', 'Интернет базирани технологии II - Лекции',          'Зала 3',          '#0891b2', '🌐'),
  ('ibt2_exe', 'Интернет базирани технологии II - Упражнения',      'Джон Атанасов 2', '#0891b2', '🌐'),
  ('ct_lec',   'Облачни технологии - Лекции',                       'Стая ?',          '#d97706', '☁️'),
  ('ct_exe',   'Облачни технологии - Упражнения',                   'Библиотека',      '#d97706', '☁️'),
  ('prkp',     'Правен режим на компютърните престъпления',          'Стая 361',        '#dc2626', '⚖️'),
  ('sp',       'Софтуерни шаблони',                                  'Джон Атанасов 2', '#059669', '🧩'),
  ('csharp',   'Програмиране на C#',                                 'Джон Атанасов 2', '#7c3aed', '🖥️'),
  ('sport_f',  'Физическо възпитание и спорт - жени',               'Салон',           '#65a30d', '🏃'),
  ('sport_m',  'Физическо възпитание и спорт - мъже',               'Салон',           '#65a30d', '🏃');

-- Teachers
INSERT INTO teachers VALUES
  ('delinov',   'Емил Делинов',    'Доц. д-р',     'emil.delinov@trakia-uni.bg',        '0885556881',    'ED', '#0284c7'),
  ('andonov',   'Венко Андонов',   'Гл. ас. д-р',  'vgandonov@gmail.com',               '',              'VA', '#9333ea'),
  ('totev',     'Мирослав Тотев',  'Асистент',      'miroslav.totev@trakia-uni.bg',      '+359894318885', 'MT', '#0f766e'),
  ('terziyski', 'Желязко Терзийски','Гл. ас. д-р', 'zhelyazko.terziyski@trakia-uni.bg', '0888938215',    'ZT', '#ea580c'),
  ('minchev',   'Андриян Минчев',  'Асистент',      'andrian.minchev@trakia-uni.bg',     '+359882514472', 'AM', '#c026d3'),
  ('noncheva',  'Теодора Нончева', 'Асистент',      'teodora.noncheva@trakia-uni.bg',    '+359895971016', 'TN', '#4f46e5'),
  ('milchev',   'Слави Милчев',    'Асистент',      'slavi.milchev@trakia-uni.bg',       '',              'SM', '#16a34a'),
  ('ginin',     'Радослав Гинин',  'Гл. асистент',  '',                                  '',              'RG', '#ca8a04'),
  ('trifonov',  'Николай Трифонов','Гл. асистент',  '',                                  '',              'NT', '#e11d48');

-- Teacher ↔ class assignments
INSERT INTO teacher_classes VALUES
  ('delinov',   'ct_lec'),
  ('andonov',   'pe_lec'),
  ('andonov',   'sa_lec'),
  ('totev',     'pe_exe'),
  ('terziyski', 'ibt2_lec'),
  ('minchev',   'ibt2_exe'),
  ('noncheva',  'ct_exe'),
  ('milchev',   'sa_exe'),
  ('milchev',   'sport_f'),
  ('milchev',   'sport_m'),
  ('ginin',     'sp'),
  ('ginin',     'csharp'),
  ('trifonov',  'prkp');

-- Schedule
INSERT INTO schedule (day, start_time, end_time, class_id) VALUES
  ('monday',    '11:15', '13:00', 'prkp'),
  ('monday',    '13:15', '16:00', 'sp'),
  ('monday',    '16:15', '19:00', 'csharp'),
  ('tuesday',   '13:00', '14:00', 'sport_m'),
  ('tuesday',   '15:30', '17:00', 'sa_exe'),
  ('tuesday',   '17:15', '19:00', 'pe_exe'),
  ('wednesday', '10:15', '12:00', 'ibt2_lec'),
  ('wednesday', '12:15', '13:15', 'sport_f'),
  ('wednesday', '13:30', '15:15', 'ct_exe'),
  ('thursday',  '09:15', '11:00', 'ibt2_exe'),
  ('thursday',  '11:30', '12:30', 'sport_m');

-- Seed deadlines
INSERT INTO deadlines (date, title, class_id, type, note, created_at) VALUES
  ('2026-04-28', 'Личен проект',  'sa_exe',   'presentation', '4 готови задачи + проект', 1745798400),
  ('2026-04-28', 'Групов проект', 'pe_exe',   'presentation', '',                          1745798400),
  ('2026-04-28', 'Личен проект',  'ibt2_exe', 'presentation', '',                          1745798400);
